id,title,description,url,image,category,tag,date
01,Formula 1,Subscale model- steering wheel- foot paddles,subcat/f1.html,images/1.jpg,f1,F-1,2026
02,F-18,Cockpit- flight stick- throttle- belt tensioner,subcat/f-18.html,images/2.jpg,simulator,F-18,2026
03,Blender Projects,Reverse-engineering a proprietary 3D format and building the Blender extension that reads it.,subcat/blender.html,images/3.png,Blender,Blender,2026
04,Unity,Games I made,subcat/unity.html,,Programming,Unity,2026
05,Model Kit,Model kits I made,subcat/kits.html,,Model Kit,CAD,2026
06,Artstation,High quality renders,subcat/artstation.html,,Aviation,History,2026
07,DCS,My lovely F-18C lot-20,subcat/DCS.html,d,Simulation,DCS,2026
08,Katze,,,images/1.jpg,,,2026-08-13
09,post_test,,posts/post-test.html,,,,2026-08-13
